,full_name,annual_salary,,
,"Aaron Cresswell
DEFENDER","£2,600,000.00",,
,"Aaron Lennon
FORWARD","£1,820,000.00",,
,"Aaron Mooy
MIDFIELDER","£2,600,000.00",,
,"Aaron Ramsey
MIDFIELDER","£6,240,000.00",,
,"Aaron Wan-Bissaka
DEFENDER","£702,000.00",,
,"Abdelhamid Sabiri
MIDFIELDER","£936,000.00",,
,"Abdoulaye Doucouré
MIDFIELDER","£3,640,000.00",,
,"Aboubakar Kamara
FORWARD","£650,000.00",,
,"Achraf Lazaar
DEFENDER","£468,000.00",,
,"Adam Lallana
MIDFIELDER","£3,042,000.00",,
,"Adam Legzdins
GOALKEEPER","£260,000.00",,
,"Adam Masina
DEFENDER","£1,456,000.00",,
,"Adama Diakhaby
FORWARD","£1,560,000.00",,
,"Adama Traore
MIDFIELDER","£2,236,000.00",,
,"Ademola Lookman
FORWARD","£1,076,400.00",,
,"Adrian San Miguel del Castillo
GOALKEEPER","£2,600,000.00",,
,"Adrien Silva
MIDFIELDER","£4,160,000.00",,
,"Ahmed Elmohamady
MIDFIELDER","£1,300,000.00",,
,"Ainsley Maitland-Niles
MIDFIELDER","£1,820,000.00",,
,"Alberto Moreno
DEFENDER","£2,080,000.00",,
,"Aleix Garcia
MIDFIELDER","£260,000.00",,
,"Aleksandar Mitrovic
FORWARD","£3,120,000.00",,
,"Alex Iwobi
FORWARD","£2,600,000.00",,
,"Alex McCarthy
GOALKEEPER","£2,600,000.00",,
,"Alex Oxlade-Chamberlain
MIDFIELDER","£6,240,000.00",,
,"Alex Palmer
GOALKEEPER","£104,000.00",,
,"Alex Pritchard
MIDFIELDER","£1,560,000.00",,
,"Alex Smithies
GOALKEEPER","£1,560,000.00",,
,"Alexander Sörloth
FORWARD","£936,000.00",,
,"Alexander Tettey
MIDFIELDER","£676,000.00",,
,"Alexandre Lacazette
FORWARD","£9,466,673.00",,
,"Alexis Sanchez
FORWARD","£16,380,000.00",,
,"Alfie Mawson
DEFENDER","£1,664,000.00",,
,"Alireza Jahanbakhsh
FORWARD","£2,600,000.00",,
,"Alisson Becker
GOALKEEPER","£4,680,000.00",,
,"Allan-Romeo Nyom
DEFENDER","£1,820,000.00",,
,"Ander Herrera
MIDFIELDER","£5,980,000.00",,
,"Anders Lindegaard
GOALKEEPER","£416,000.00",,
,"Andre Gomes
MIDFIELDER","£5,800,000.00",,
,"Andre Gray
FORWARD","£3,640,000.00",,
,"Andre Green
FORWARD","£312,000.00",,
,"André Schurrle
FORWARD","£5,408,000.00",,
,"Andre-Frank Zambo Anguissa
MIDFIELDER","£3,484,000.00",,
,"Andreas Christensen
DEFENDER","£4,160,000.00",,
,"Andreas Pereira
MIDFIELDER","£1,560,000.00",,
,"Andrew Robertson
DEFENDER","£2,600,000.00",,
,"Andriy Yarmolenko
FORWARD","£5,980,000.00",,
,"Andros Townsend
FORWARD","£2,860,000.00",,
,"Andy Carroll
FORWARD","£4,680,000.00",,
,"Andy King
MIDFIELDER","£2,080,000.00",,
,"Angelo Ogbonna
DEFENDER","£3,640,000.00",,
,"Angus Gunn
GOALKEEPER","£2,080,000.00",,
,"Anthony Knockaert
FORWARD","£1,820,000.00",,
,"Anthony Martial
FORWARD","£5,720,000.00",,
,"Antonio Rudiger
DEFENDER","£6,000,000.00",,
,"Antonio Valencia
DEFENDER","£4,420,000.00",,
,"Aron Gunnarsson
MIDFIELDER","£1,250,000.00",,
,"Arthur Masuaku
DEFENDER","£2,080,000.00",,
,"Ashley Barnes
FORWARD","£2,080,000.00",,
,"Ashley Westwood
MIDFIELDER","£1,612,000.00",,
,"Ashley Williams (on loan from )
DEFENDER","£3,640,000.00",,
,"Ashley Young
MIDFIELDER","£6,240,000.00",,
,"Asmir Begovic
GOALKEEPER","£3,640,000.00",,
,"Axel Tuanzebe (on loan from )
DEFENDER","£260,000.00",,
,"Aymeric Laporte
DEFENDER","£3,098,333.00",,
,"Ayoze Perez
FORWARD","£2,340,000.00",,
,"Ben Chilwell
DEFENDER","£3,380,000.00",,
,"Ben Davies
DEFENDER","£3,120,000.00",,
,"Ben Foster
GOALKEEPER","£1,560,000.00",,
,"Ben Gibson
DEFENDER","£2,080,000.00",,
,"Ben Hamer
GOALKEEPER","£624,000.00",,
,"Ben Marshall
MIDFIELDER","£416,000.00",,
,"Ben Mee
DEFENDER","£2,860,000.00",,
,"Beni Baningime
MIDFIELDER","£416,000.00",,
,"Benjamin Mendy
DEFENDER","£4,680,000.00",,
,"Beram Kayal
MIDFIELDER","£1,300,000.00",,
,"Bernard Anicio Caldeira Duarte
MIDFIELDER","£6,240,000.00",,
,Bernardo MIDFIELDER,"£1,300,000.00",,
,"Bernardo Silva
FORWARD","£6,240,000.00",,
,"Bernd Leno
GOALKEEPER","£5,200,000.00",,
,"Billy Sharp
FORWARD","£624,000.00",,
,"Bobby Reid
FORWARD","£1,560,000.00",,
,"Bojan Krkic
MIDFIELDER","£2,496,000.00",,
,"Brahim Diaz
MIDFIELDER","£416,000.00",,
,"Brendan Galloway
DEFENDER","£1,196,000.00",,
,"Brian Murphy
GOALKEEPER","£545,000.00",,
,"Bruno Ecuele Manga
DEFENDER","£1,248,000.00",,
,"Bruno Martins Indi
DEFENDER","£3,120,000.00",,
,"Caglar Soyuncu
DEFENDER","£2,340,000.00",,
,"Callum Paterson
DEFENDER","£1,170,000.00",,
,Calum Chambers DEFENDER,"£2,600,000.00",,
,"Cameron Carter-Vickers (on loan from )
DEFENDER","£1,040,000.00",,
,"Carl Jenkinson
DEFENDER","£2,340,000.00",,
,"Carlos Sanchez
MIDFIELDER","£2,600,000.00",,
,"Cedric Soares
DEFENDER","£3,380,000.00",,
,"Cenk Tosun
FORWARD","£3,120,000.00",,
,"Cesar Azpilicueta
DEFENDER","£4,680,000.00",,
,"Cesc Fabregas
MIDFIELDER","£8,112,000.00",,
,"Charlie Austin
FORWARD","£3,640,000.00",,
,"Charlie Taylor
DEFENDER","£1,300,000.00",,
,"Cheikhou Kouyate
MIDFIELDER","£3,380,000.00",,
,"Chris Brunt
MIDFIELDER","£2,340,000.00",,
,"Chris Lowe
DEFENDER","£1,040,000.00",,
,"Chris Smalling
DEFENDER","£3,640,000.00",,
,"Chris Wood
FORWARD","£2,600,000.00",,
,"Christian Atsu
FORWARD","£1,560,000.00",,
,"Christian Benteke
FORWARD","£6,240,000.00",,
,"Christian Eriksen
MIDFIELDER","£3,900,000.00",,
,"Christian Fuchs
DEFENDER","£2,600,000.00",,
,"Christian Kabasele
DEFENDER","£1,560,000.00",,
,"Christian Pulisic
FORWARD","£7,562,500.00",,
,"Christopher Schindler
DEFENDER","£1,300,000.00",,
,"Ciaran Clark
DEFENDER","£1,820,000.00",,
,"Claudio Bravo
GOALKEEPER","£4,160,000.00",,
,"Claudio Yacob
MIDFIELDER","£3,120,000.00",,
,"Collin Quaner
FORWARD","£832,000.00",,
,"Connor Wickham
FORWARD","£3,120,000.00",,
,"Conor Coady
DEFENDER","£780,000.00",,
,"Craig Cathcart
DEFENDER","£1,200,000.00",,
,"Craig Dawson
DEFENDER","£2,080,000.00",,
,"Cyrus Christie
DEFENDER","£1,040,000.00",,
,"Dale Stephens
MIDFIELDER","£1,560,000.00",,
,"Dan Agyei
FORWARD","£36,400.00",,
,"Daniel Amartey
MIDFIELDER","£1,092,000.00",,
,"Daniel Sturridge
FORWARD","£6,760,000.00",,
,"Daniel Williams
MIDFIELDER","£1,560,000.00",,
,"Danilo Luiz da Silva
DEFENDER","£4,160,000.00",,
,"Danny Drinkwater
MIDFIELDER","£5,200,000.00",,
,Danny Ings FORWARD,"£3,900,000.00",,
,"Danny Rose
DEFENDER","£3,120,000.00",,
,"Danny Simpson
DEFENDER","£2,340,000.00",,
,"Danny Ward
FORWARD","£960,000.00",,
,"Danny Ward
GOALKEEPER","£1,040,000.00",,
,"Danny Welbeck
FORWARD","£6,500,000.00",,
,"Darren Fletcher
MIDFIELDER","£2,860,000.00",,
,"Daryl Janmaat
DEFENDER","£2,340,000.00",,
,"David Button
GOALKEEPER","£833,333.00",,
,"David De Gea
GOALKEEPER","£10,400,000.00",,
,"David Luiz
DEFENDER","£6,240,000.00",,
,"David Silva
MIDFIELDER","£8,320,000.00",,
,"Davide Zappacosta
DEFENDER","£3,640,000.00",,
,"Davinson Sanchez
DEFENDER","£3,380,000.00",,
,"Davy Propper
MIDFIELDER","£2,340,000.00",,
,"Deandre Yedlin
DEFENDER","£1,560,000.00",,
,"Declan Rice
MIDFIELDER","£156,000.00",,
,"Dejan Lovren
DEFENDER","£5,200,000.00",,
,"Dele Alli
MIDFIELDER","£5,200,000.00",,
,"Demarai Gray
FORWARD","£2,860,000.00",,
,"Denis Odoi
DEFENDER","£462,800.00",,
,"Dennis Srbeny
FORWARD","£208,000.00",,
,"Diogo Dalot
MIDFIELDER","£1,300,000.00",,
,"Diogo Jota
FORWARD","£2,860,000.00",,
,"Divock Origi
FORWARD","£1,456,000.00",,
,"Dominic Calvert-Lewin
FORWARD","£1,040,000.00",,
,"Dominic Iorfa
DEFENDER","£416,000.00",,
,"Dominic Solanke 
FORWARD","£1,300,000.00",,
,"Eden Hazard
MIDFIELDER","£11,700,000.00",,
,"Ederson Moraes
GOALKEEPER","£3,380,000.00",,
,"Eldin Jakupovic
GOALKEEPER","£1,196,000.00",,
,"Eliaquim Mangala
DEFENDER","£5,200,000.00",,
,"Elias Kachunga
FORWARD","£1,300,000.00",,
,"Emerson Palmieri
DEFENDER","£1,965,600.00",,
,"Emiliano Martinez
GOALKEEPER","£1,126,667.00",,
,"Enda Stevens
DEFENDER","£208,000.00",,
,"Eric Bailly
DEFENDER","£4,160,000.00",,
,"Eric Dier
MIDFIELDER","£3,120,000.00",,
,"Eric Maxim Choupo-Moting
MIDFIELDER","£3,380,000.00",,
,"Erik Durm
DEFENDER","£1,820,000.00",,
,"Erik Lamela
MIDFIELDER","£4,160,000.00",,
,"Erik Pieters
DEFENDER","£1,976,000.00",,
,"Ethan Ampadu
MIDFIELDER","£390,000.00",,
,"Ethan Ebanks-Landell
DEFENDER","£156,000.00",,
,"Etienne Capoue
MIDFIELDER","£2,080,000.00",,
,"Ezequiel Schelotto
DEFENDER","£1,664,000.00",,
,"Fabian Balbuena
DEFENDER","£2,080,000.00",,
,"Fabian Delph
MIDFIELDER","£4,160,000.00",,
,"Fabian Schar
DEFENDER","£2,080,000.00",,
,"Fabinho
MIDFIELDER","£5,200,000.00",,
,"Fabricio Agosto Ramírez
GOALKEEPER","£2,340,000.00",,
,"Federico Fernandez
DEFENDER","£2,236,000.00",,
,"Felipe Anderson
MIDFIELDER","£4,420,000.00",,
,"Fernandinho Luis Roza
MIDFIELDER","£7,800,000.00",,
,"Fernando Llorente
FORWARD","£3,900,000.00",,
,"Florent Hadergjonaj
DEFENDER","£1,196,000.00",,
,"Florian Lejeune
DEFENDER","£1,976,000.00",,
,"Florin Andone
FORWARD","£2,080,000.00",,
,"Floyd Ayité
FORWARD","£416,000.00",,
,"Fousseni Diabaté
FORWARD","£780,000.00",,
,"Fraser Forster
GOALKEEPER","£3,640,000.00",,
,"Freddie Woodman
GOALKEEPER","£156,000.00",,
,"Frederico Santos
MIDFIELDER","£6,240,000.00",,
,"Gabriel Jesus
FORWARD","£4,680,000.00",,
,"Gaetan Bong
DEFENDER","£1,040,000.00",,
,"Gary Cahill
DEFENDER","£5,200,000.00",,
,"Geoff Cameron
DEFENDER","£1,560,000.00",,
,"George Baldock
DEFENDER","£208,000.00",,
,"George Thomas
FORWARD","£156,000.00",,
,"Georginio Wijnaldum
MIDFIELDER","£3,900,000.00",,
,"Gerard Deulofeu
FORWARD","£3,120,000.00",,
,"Giannelli Imbula
MIDFIELDER","£2,600,000.00",,
,"Glenn Murray
FORWARD","£1,560,000.00",,
,"Granit Xhaka
MIDFIELDER","£5,200,000.00",,
,"Grant Hanley
DEFENDER","£1,300,000.00",,
,"Greg Cunningham
DEFENDER","£987,000.00",,
,"Gylfi Sigurdsson
MIDFIELDER","£5,200,000.00",,
,"Hal Robson-Kanu
FORWARD","£1,560,000.00",,
,"Hamza Choudhury
MIDFIELDER","£416,000.00",,
,"Harry Kane
FORWARD","£10,400,000.00",,
,"Harry Maguire
DEFENDER","£4,680,000.00",,
,"Harry Souttar
DEFENDER","£156,000.00",,
,"Harry Winks
MIDFIELDER","£2,600,000.00",,
,"Hector Bellerin
DEFENDER","£5,720,000.00",,
,"Helder Costa
FORWARD","£1,690,000.00",,
,"Henri Lansbury
MIDFIELDER","£2,080,000.00",,
,"Henrikh Mkhitaryan
MIDFIELDER","£7,800,000.00",,
,"Heung-Min Son
FORWARD","£7,280,000.00",,
,"Heurelho Gomes
GOALKEEPER","£1,820,000.00",,
,"Hugo Lloris
GOALKEEPER","£5,200,000.00",,
,"Ibrahim Afellay
MIDFIELDER","£1,300,000.00",,
,"Ibrahima Cissé
MIDFIELDER","£650,000.00",,
,"Idrissa Gueye
MIDFIELDER","£3,640,000.00",,
,"Ilkay Gundogan
MIDFIELDER","£7,280,000.00",,
,"Isaac Hayden
MIDFIELDER","£1,144,000.00",,
,"Isaac Mbenza
FORWARD","£483,600.00",,
,"Isaac Success
FORWARD","£1,560,000.00",,
,"Isaiah Brown
FORWARD","£1,300,000.00",,
,"Issa Diop
DEFENDER","£3,484,000.00",,
,"Ivan Cavaleiro
FORWARD","£1,450,000.00",,
,"Jack Butland
GOALKEEPER","£1,820,000.00",,
,"Jack Cork
MIDFIELDER","£1,976,000.00",,
,"Jack Grealish
MIDFIELDER","£364,000.00",,
,"Jack O'Connell
DEFENDER","£520,000.00",,
,"Jack Stephens
DEFENDER","£2,496,000.00",,
,"Jack Wilshere
MIDFIELDER","£5,200,000.00",,
,"Jacob Murphy
FORWARD","£1,300,000.00",,
,"Jairo Riedewald
DEFENDER","£2,860,000.00",,
,"Jake Flannigan
DEFENDER","£41,600.00",,
,"Jake Hesketh
MIDFIELDER","£936,000.00",,
,"Jake Livermore
MIDFIELDER","£2,392,000.00",,
,"Jamaal Lascelles
DEFENDER","£1,782,857.00",,
,"Jamal Blackman
GOALKEEPER","£416,000.00",,
,"James Bree
DEFENDER","£520,000.00",,
,"James Chester
DEFENDER","£1,560,000.00",,
,"James Maddison
MIDFIELDER","£2,860,000.00",,
,"James McArthur
MIDFIELDER","£2,860,000.00",,
,"James McCarthy
MIDFIELDER","£2,600,000.00",,
,"James Milner
MIDFIELDER","£7,280,000.00",,
,"James Tarkowski
DEFENDER","£2,600,000.00",,
,"James Tomkins
DEFENDER","£2,600,000.00",,
,"James Ward-Prowse
MIDFIELDER","£2,253,333.00",,
,"Jamie Vardy
FORWARD","£7,280,000.00",,
,"Jan Bednarek
DEFENDER","£1,040,000.00",,
,"Jan Vertonghen
DEFENDER","£4,628,000.00",,
,"Jannik Vestergaard
DEFENDER","£3,120,000.00",,
,"Jason Puncheon
MIDFIELDER","£1,820,000.00",,
,"Jason Steele
GOALKEEPER","£833,333.00",,
,"Javier Chicharito Hernandez
FORWARD","£7,280,000.00",,
,"Javier Manquillo
DEFENDER","£1,820,000.00",,
,"Jay Rodriguez
FORWARD","£3,120,000.00",,
,"Jazz Richards
DEFENDER","£675,000.00",,
,"Jean Michael Seri
MIDFIELDER","£3,380,000.00",,
,"Jeff Hendrick
MIDFIELDER","£1,820,000.00",,
,"Jefferson Lerma
MIDFIELDER","£2,600,000.00",,
,"Jeffrey Schlupp
DEFENDER","£2,912,000.00",,
,"Jesse Lingard
FORWARD","£3,900,000.00",,
,"Jo Gorenc-Stankovic
DEFENDER","£780,000.00",,
,"Joe Allen
MIDFIELDER","£2,600,000.00",,
,"Joe Bennett
DEFENDER","£1,015,000.00",,
,"Joe Bryan
DEFENDER","£1,560,000.00",,
,"Joe Gomez
DEFENDER","£1,560,000.00",,
,"Joe Hart
GOALKEEPER","£2,340,000.00",,
,"Joe Ralls
MIDFIELDER","£1,275,000.00",,
,"Joel Matip
DEFENDER","£5,200,000.00",,
,"Joel Ward
DEFENDER","£1,820,000.00",,
,"Johann Berg Gudmundsson
MIDFIELDER","£1,560,000.00",,
,"John Egan
DEFENDER","£390,000.00",,
,"John Fleck
MIDFIELDER","£416,000.00",,
,"John Lundstrom
MIDFIELDER","£208,000.00",,
,"John Ruddy
GOALKEEPER","£1,820,000.00",,
,"John Stones
DEFENDER","£5,200,000.00",,
,"Jonathan Hogg
MIDFIELDER","£1,196,000.00",,
,"Jonathan Kodjia
FORWARD","£1,820,000.00",,
,"Jonathan Leko
MIDFIELDER","£93,600.00",,
,"Jonjo Shelvey
MIDFIELDER","£3,640,000.00",,
,"Jonjoe Kenny
DEFENDER","£780,000.00",,
,"Jonny Castro
DEFENDER","£1,907,000.00",,
,"Jonny Evans
DEFENDER","£4,160,000.00",,
,"Jonny Williams
MIDFIELDER","£780,000.00",,
,"Jordan Henderson
MIDFIELDER","£7,280,000.00",,
,"Jordan Pickford
GOALKEEPER","£5,208,333.00",,
,"Jorge Luiz Frello Filho
MIDFIELDER","£5,400,000.00",,
,"Jose Holebas
DEFENDER","£1,560,000.00",,
,"Jose Izquierdo
FORWARD","£2,340,000.00",,
,"Jose Moutinho
MIDFIELDER","£5,200,000.00",,
,"Rondon
FORWARD","£3,120,000.00",,
,"Joselu Mato
FORWARD","£2,080,000.00",,
,"Josh Knight
DEFENDER","£104,000.00",,
,"Josh Murphy
FORWARD","£1,300,000.00",,
,"Josh Tymon
DEFENDER","£520,000.00",,
,"Joshua King
FORWARD","£2,340,000.00",,
,"Juan Foyth
DEFENDER","£1,118,000.00",,
,"Juan Mata
MIDFIELDER","£8,320,000.00",,
,"Julian Speroni
GOALKEEPER","£1,300,000.00",,
,"Julien Ngoy
FORWARD","£260,000.00",,
,"Juninho Bacuna
MIDFIELDER","£884,000.00",,
,"Junior Hoilett
FORWARD","£1,456,000.00",,
,"Jurgen Locadia
FORWARD","£2,106,000.00",,
,"Kadeem Harris
MIDFIELDER","£625,000.00",,
,"Karl Darlow
GOALKEEPER","£1,300,000.00",,
,"Kasper Schmeichel
GOALKEEPER","£6,760,000.00",,
,"Kean Bryan
DEFENDER","£156,000.00",,
,"Keinan Davis
FORWARD","£260,000.00",,
,"Kelechi Iheanacho
FORWARD","£3,120,000.00",,
,"Kenneth Zohore
FORWARD","£858,000.00",,
,"Kenny McLean
MIDFIELDER","£520,000.00",,
,"Kepa Arrizabalaga
GOALKEEPER","£7,800,000.00",,
,"Kevin De Bruyne
MIDFIELDER","£16,683,333.00",,
,"Kevin Long
DEFENDER","£832,000.00",,
,"Kevin McDonald
MIDFIELDER","£1,144,000.00",,
,"Kevin Wimmer
DEFENDER","£3,640,000.00",,
,"Ki Sung-yueng
MIDFIELDER","£2,080,000.00",,
,"Kieran Dowell
MIDFIELDER","£780,000.00",,
,"Kieran Gibbs
DEFENDER","£2,860,000.00",,
,"Kieran Trippier
DEFENDER","£3,380,000.00",,
,"Kieron Freeman
DEFENDER","£234,000.00",,
,"Kiko Femenia
DEFENDER","£1,040,000.00",,
,"Konstantinos Mavropanos
DEFENDER","£1,191,667.00",,
,"Kortney Hause
DEFENDER","£416,000.00",,
,"Kurt Zouma 
DEFENDER","£4,000,000.00",,
,"Kyle Walker
DEFENDER","£5,200,000.00",,
,"Kyle Walker-Peters
DEFENDER","£1,040,000.00",,
,"Laurent Depoitre
FORWARD","£1,820,000.00",,
,"Laurent Koscielny
DEFENDER","£4,680,000.00",,
,"Lazar Markovic
FORWARD","£1,820,000.00",,
,"Leander Dendoncker
MIDFIELDER","£1,972,000.00",,
,"Lee Grant
GOALKEEPER","£1,560,000.00",,
,"Lee Peltier
DEFENDER","£987,500.00",,
,"Leighton Baines
DEFENDER","£3,640,000.00",,
,"Leo Bonatini
FORWARD","£1,820,000.00",,
,"Leon Balogun
DEFENDER","£950,000.00",,
,"Leon Clarke
FORWARD","£468,000.00",,
,"Leroy Sane
FORWARD","£4,680,000.00",,
,"Lewis Dunk
DEFENDER","£2,340,000.00",,
,"Loic Damour
MIDFIELDER","£468,000.00",,
,"Louis Thompson
MIDFIELDER","£780,000.00",,
,"Lucas Digne
DEFENDER","£4,680,000.00",,
,"Lucas Moura
MIDFIELDER","£4,160,000.00",,
,"Lucas Perez
FORWARD","£4,160,000.00",,
,"Lucas Torreira
MIDFIELDER","£3,900,000.00",,
,"Luciano Vietto
FORWARD","£2,860,000.00",,
,"Luka Milivojevic
MIDFIELDER","£2,860,000.00",,
,"Lukasz Fabianski
GOALKEEPER","£3,380,000.00",,
,"Luke Shaw
DEFENDER","£7,800,000.00",,
,"Maarten Stekelenburg
GOALKEEPER","£1,560,000.00",,
,"Mamadou Sakho
DEFENDER","£5,200,000.00",,
,"Manolo Gabbiadini
FORWARD","£4,160,000.00",,
,"Manuel Lanzini
MIDFIELDER","£3,640,000.00",,
,"Marc Albrighton
MIDFIELDER","£2,340,000.00",,
,"Marc Muniesa
DEFENDER","£1,716,000.00",,
,"Marc Navarro
DEFENDER","£1,196,000.00",,
,"Marco van Ginkel
MIDFIELDER","£1,450,000.00",,
,"Marcos Alonso
DEFENDER","£5,200,000.00",,
,"Marcos Rojo
DEFENDER","£4,160,000.00",,
,"Marcus Bettinelli
GOALKEEPER","£1,820,000.00",,
,"Marcus Rashford
FORWARD","£1,690,000.00",,
,"Mario Lemina
MIDFIELDER","£3,380,000.00",,
,"Mark Duffy
MIDFIELDER","£416,000.00",,
,"Mark Noble
MIDFIELDER","£2,600,000.00",,
,"Marko Arnautovic
MIDFIELDER","£5,200,000.00",,
,"Marouane Fellaini
MIDFIELDER","£7,800,000.00",,
,"Martin Dubravka
GOALKEEPER","£1,976,000.00",,
,"Martin Kelly
DEFENDER","£1,300,000.00",,
,"Martin Montoya
DEFENDER","£2,600,000.00",,
,"Mason Holgate
DEFENDER","£1,300,000.00",,
,"Matej Vydra
FORWARD","£1,820,000.00",,
,"Mateo Kovacic
MIDFIELDER","£3,900,000.00",,
,"Mathew Ryan
GOALKEEPER","£1,820,000.00",,
,"Mathias Jorgensen
DEFENDER","£1,716,000.00",,
,"Matt Doherty
DEFENDER","£520,000.00",,
,"Matt Phillips
MIDFIELDER","£2,080,000.00",,
,"Matt Ritchie
MIDFIELDER","£2,340,000.00",,
,"Matt Targett
DEFENDER","£1,820,000.00",,
,"Matteo Darmian
DEFENDER","£2,340,000.00",,
,"Matteo Guendouzi
MIDFIELDER","£2,080,000.00",,
,"Matthew Connolly
DEFENDER","£987,000.00",,
,"Matthew Lowton
DEFENDER","£1,300,000.00",,
,"Matty James
MIDFIELDER","£1,300,000.00",,
,"Max Meyer
MIDFIELDER","£6,500,000.00",,
,"Maxime le Marchand
DEFENDER","£1,300,000.00",,
,"Maya Yoshida
DEFENDER","£2,600,000.00",,
,"Mesut Ozil
MIDFIELDER","£13,975,000.00",,
,"Michael Keane
DEFENDER","£3,120,000.00",,
,"Michail Antonio
MIDFIELDER","£3,640,000.00",,
,"Michel Vorm
GOALKEEPER","£2,080,000.00",,
,"Miguel Britos
DEFENDER","£1,300,000.00",,
,"Mohamed Diame
MIDFIELDER","£2,340,000.00",,
,"Mohamed Elneny
MIDFIELDER","£2,600,000.00",,
,"Mohamed Elyounoussi
FORWARD","£3,120,000.00",,
,"Mohamed Salah
FORWARD","£10,400,000.00",,
,"Morgan Gibbs-White
MIDFIELDER","£78,000.00",,
,"Morgan Schneiderlin
MIDFIELDER","£5,200,000.00",,
,"Mortiz Leitner
MIDFIELDER","£624,000.00",,
,"Moussa Sissoko
MIDFIELDER","£4,160,000.00",,
,"N'Golo Kante
MIDFIELDER","£7,500,000.00",,
,"Naby Keita
MIDFIELDER","£6,240,000.00",,
,"Nacer Chadli
MIDFIELDER","£3,120,000.00",,
,"Nacho Monreal
DEFENDER","£3,380,000.00",,
,"Nampalys Mendy
MIDFIELDER","£2,600,000.00",,
,"Nathan Ake
DEFENDER","£2,080,000.00",,
,"Nathan Redmond
FORWARD","£3,120,000.00",,
,"Nathaniel Chalobah
MIDFIELDER","£1,820,000.00",,
,"Nathaniel Clyne 
DEFENDER","£3,640,000.00",,
,"Nathaniel Mendez-Laing
FORWARD","£961,667.00",,
,"Neeskens Kebano
MIDFIELDER","£700,000.00",,
,"Neil Etheridge
GOALKEEPER","£1,015,000.00",,
,"Neil Taylor
DEFENDER","£416,000.00",,
,"Nemanja Matic
MIDFIELDER","£6,240,000.00",,
,"Nick Pope
GOALKEEPER","£1,820,000.00",,
,"Nicolas Otamendi
DEFENDER","£6,240,000.00",,
,"Oleksandr Zinchenko
MIDFIELDER","£1,040,000.00",,
,"Oliver Burke
FORWARD","£1,560,000.00",,
,"Oliver Norwood
MIDFIELDER","£780,000.00",,
,"Olivier Giroud
FORWARD","£4,680,000.00",,
,"Onyinye Ndidi
MIDFIELDER","£3,900,000.00",,
,"Oriol Romeu
MIDFIELDER","£3,380,000.00",,
,"Orjan Nyland
GOALKEEPER","£1,040,000.00",,
,"Oumar Niasse
FORWARD","£2,860,000.00",,
,"Pablo Zabaleta
DEFENDER","£3,900,000.00",,
,"Pape Souare
DEFENDER","£1,560,000.00",,
,"Pascal Gross
MIDFIELDER","£2,600,000.00",,
,"Patrick Van Aanholt
DEFENDER","£2,860,000.00",,
,"Paul Dummett
DEFENDER","£1,820,000.00",,
,"Paul Pogba
MIDFIELDER","£15,080,000.00",,
,"Paulo Gazzaniga
GOALKEEPER","£1,040,000.00",,
,"Pedro Obiang
MIDFIELDER","£2,860,000.00",,
,"Pedro Rodríguez Ledesma
MIDFIELDER","£3,000,000.00",,
,"Peter Crouch
FORWARD","£2,080,000.00",,
,"Petr Cech
GOALKEEPER","£5,720,000.00",,
,"Phil Bardsley
DEFENDER","£1,300,000.00",,
,"Phil Foden
MIDFIELDER","£624,000.00",,
,"Phil Jagielka
DEFENDER","£2,600,000.00",,
,"Phil Jones
DEFENDER","£3,900,000.00",,
,"Philip Billing
MIDFIELDER","£780,000.00",,
,"Philip Heise
DEFENDER","£842,000.00",,
,"Philippe Sandler
DEFENDER","£1,976,000.00",,
,"Pierre-Emerick Aubameyang
FORWARD","£8,190,000.00",,
,"Pierre-Emile Hojbjerg
MIDFIELDER","£2,600,000.00",,
,"Raheem Sterling
FORWARD","£7,800,000.00",,
,"Rajiv van La Parra
MIDFIELDER","£936,000.00",,
,"Ramadan Sobhi
FORWARD","£1,404,000.00",,
,"Raul Jimenez
FORWARD","£2,132,000.00",,
,"Reece Oxford
DEFENDER",£0.00,,
,"Rhian Brewster
FORWARD","£520,000.00",,
,"Ricardo Pereira
DEFENDER","£3,640,000.00",,
,"Richad Ghezzal
MIDFIELDER","£2,340,000.00",,
,"Richard Stearman
DEFENDER","£780,000.00",,
,"Richarlison de Andrade
FORWARD","£4,680,000.00",,
,"Riyad Mahrez
FORWARD","£6,240,000.00",,
,"Rob Elliot
GOALKEEPER","£1,300,000.00",,
,"Rob Holding
DEFENDER","£1,300,000.00",,
,"Robbie Brady
MIDFIELDER","£1,820,000.00",,
,"Robert Green
GOALKEEPER","£1,300,000.00",,
,"Robert Kenedy
MIDFIELDER","£1,300,000.00",,
,"Robert Snodgrass
MIDFIELDER","£2,080,000.00",,
,"Roberto Firmino
FORWARD","£9,360,000.00",,
,"Roberto Pereyra
MIDFIELDER","£2,340,000.00",,
,"Romain Saiss
MIDFIELDER","£1,144,000.00",,
,"Romelu Lukaku
FORWARD","£9,360,000.00",,
,"Ross Barkley
MIDFIELDER","£4,766,667.00",,
,"Ruben Loftus-Cheek
MIDFIELDER","£1,820,000.00",,
,"Ruben Neves
MIDFIELDER","£2,600,000.00",,
,"Ruben Vinagre
DEFENDER","£1,560,000.00",,
,"Rui Patricio
GOALKEEPER","£5,200,000.00",,
,"Ryan Bennett
DEFENDER","£1,040,000.00",,
,"Ryan Bertrand
DEFENDER","£3,640,000.00",,
,"Ryan Fredericks
MIDFIELDER","£2,080,000.00",,
,"Ryan Schofield
GOALKEEPER","£26,000.00",,
,"Ryan Sessegnon
MIDFIELDER","£416,000.00",,
,"Ryan Shawcross
DEFENDER","£2,860,000.00",,
,"Sadio Mane
FORWARD","£5,200,000.00",,
,"Saido Berahino
FORWARD","£4,160,000.00",,
,"Sam Byram (on loan from )
DEFENDER","£1,560,000.00",,
,"Sam Gallagher
FORWARD","£2,080,000.00",,
,"Sam Hughes
DEFENDER","£46,800.00",,
,"Sam Vokes
FORWARD","£884,000.00",,
,"Scott Dann
DEFENDER","£3,120,000.00",,
,"Scott McTominay
MIDFIELDER","£520,000.00",,
,"Sead Kolasinac
DEFENDER","£5,200,000.00",,
,"Seamus Coleman
DEFENDER","£3,640,000.00",,
,"Sean Longstaff
MIDFIELDER","£36,000.00",,
,"Sean Morrison
DEFENDER","£1,300,000.00",,
,"Sebastian Prodl
DEFENDER","£2,340,000.00",,
,"Serge Aurier
DEFENDER","£3,640,000.00",,
,"Sergio Aguero
FORWARD","£11,440,000.00",,
,"Sergio Rico
GOALKEEPER","£2,340,000.00",,
,"Sergio Romero
GOALKEEPER","£3,640,000.00",,
,"Shane Duffy
DEFENDER","£2,080,000.00",,
,"Shane Long
FORWARD","£3,210,000.00",,
,"Shinji Okazaki
FORWARD","£1,820,000.00",,
,"Shkodran Mustafi
DEFENDER","£4,680,000.00",,
,"Simon Mignolet
GOALKEEPER","£2,860,000.00",,
,"Sokratis Papastathopoulos
DEFENDER","£4,784,000.00",,
,"Sol Bamba
DEFENDER","£728,000.00",,
,"Solly March
MIDFIELDER","£1,560,000.00",,
,"Soufyan Ahannach
FORWARD","£520,000.00",,
,"Stefan Johansen
MIDFIELDER","£520,000.00",,
,"Stefano Okaka
FORWARD","£1,820,000.00",,
,"Stephan Lichtsteiner
DEFENDER","£3,900,000.00",,
,"Stephen Ward
DEFENDER","£1,456,000.00",,
,"Steve Cook
DEFENDER","£2,340,000.00",,
,"Steve Mounie
FORWARD","£1,820,000.00",,
,"Steven Davis
MIDFIELDER","£3,120,000.00",,
,"Steven Defour
MIDFIELDER","£2,340,000.00",,
,"Stuart Armstrong
MIDFIELDER","£2,600,000.00",,
,"Sullay Kaikai
MIDFIELDER","£156,000.00",,
,"Teemu Pukki
FORWARD","£416,000.00",,
,"Terence Kongolo
DEFENDER","£1,820,000.00",,
,"Theo Walcott
FORWARD","£4,550,000.00",,
,"Thibaud Verlinden
MIDFIELDER","£260,000.00",,
,"Tim Ream
DEFENDER","£1,404,000.00",,
,"Timothy Fosu-Mensah 
DEFENDER","£780,000.00",,
,"Todd Kane (on loan from )
DEFENDER","£468,000.00",,
,"Tom Cairney
MIDFIELDER","£2,080,000.00",,
,"Tom Cleverley
MIDFIELDER","£2,600,000.00",,
,"Tom Davies
MIDFIELDER","£1,300,000.00",,
,"Tom Heaton
GOALKEEPER","£2,200,000.00",,
,"Tommy Smith
DEFENDER","£1,040,000.00",,
,"Tosin Adarabioyo (on loan from )
DEFENDER","£1,560,000.00",,
,"Tren Alexander-Arnold
DEFENDER","£624,000.00",,
,"Troy Deeney
FORWARD","£3,380,000.00",,
,"Tyias Browning
DEFENDER","£416,000.00",,
,"Vicente Guaita
GOALKEEPER","£3,120,000.00",,
,"Vicente Iborra
MIDFIELDER","£2,860,000.00",,
,"Victor Camarasa
MIDFIELDER","£840,000.00",,
,"Victor Lindelof
DEFENDER","£6,240,000.00",,
,"Victor Moses
DEFENDER","£3,900,000.00",,
,"Victor Wanyama
MIDFIELDER","£3,380,000.00",,
,"Vincent Janssen
FORWARD","£1,768,000.00",,
,"Vincent Kompany
DEFENDER","£7,800,000.00",,
,"Virgil Van Dijk
DEFENDER","£8,580,000.00",,
,"Wallace Oliveira
DEFENDER","£520,000.00",,
,"Wayne Hennessey
GOALKEEPER","£2,080,000.00",,
,"Wes Morgan
DEFENDER","£3,120,000.00",,
,"Wesley Hoedt
DEFENDER","£3,120,000.00",,
,"Wilfried Bony
FORWARD","£4,680,000.00",,
,"Wilfried Zaha
FORWARD","£6,760,000.00",,
,"Will Hughes
MIDFIELDER","£1,560,000.00",,
,"Will Norris
GOALKEEPER","£156,000.00",,
,"Willian da Silva
MIDFIELDER","£6,240,000.00",,
,"Willy Boly
DEFENDER","£2,080,000.00",,
,"Willy Caballero
GOALKEEPER","£2,080,000.00",,
,"Winston Reid
DEFENDER","£3,640,000.00",,
,"Xherdan Shaqiri
MIDFIELDER","£4,160,000.00",,
,"Yerry Mina
DEFENDER","£6,240,000.00",,
,"Yohan Benalouane
DEFENDER","£2,080,000.00",,
,"Yoshinori Muto
FORWARD","£2,808,000.00",,
,"Younes Kaboul
DEFENDER","£1,820,000.00",,
,"Yuning Zhang
FORWARD","£1,612,000.00",,
,"Yves Bissouma
MIDFIELDER","£1,300,000.00",,
